Year,Debit,Credit,Net,Remarks,Label,Remarks_Clean,Clean_remarks,text_len
FY23,30000.0,0,30000.0,"Services Professional Services , Consultancy Architects Services Design at Ameni",Services,services professional services consultancy architects services design at ameni,services professional services consultancy architects services design at ameni,78
FY23,270000.0,0,270000.0,"Services Professional Services , Consultancy Architects Services Design at Ameni",Services,services professional services consultancy architects services design at ameni,services professional services consultancy architects services design at ameni,78
FY23,250000.0,0,250000.0,Exp reclass entry in N2 (Godrej),Services,exp reclass entry in n godrej,exp reclass entry in n godrej,29
FY23,14500.0,0,14500.0,Dispenser Water - Frosty plus - (Make - Atlantis),Equipment,dispenser water frosty plus make atlantis,dispenser water frosty plus make atlantis,41
FY23,59400.0,0,59400.0,"Almirah - Office use , Steel Almirah with four shelves making five Compartment,",Equipment,almirah office use steel almirah with four shelves making five compartment,almirah office use steel almirah with four shelves making five compartment,74
FY23,59400.0,0,59400.0,"701257471208 Almirah - Office use , Steel Almirah with four shelves making five Compartment,",Equipment,almirah office use steel almirah with four shelves making five compartment,almirah office use steel almirah with four shelves making five compartment,74
FY23,12400.0,0,12400.0,Dispenser Water - Frosty plus - (Make - Atlantis),Equipment,dispenser water frosty plus make atlantis,dispenser water frosty plus make atlantis,41
FY23,12735479.0,0,12735479.0,Space matrix Cost T/f from project Upgradation of Toilets as G.F & 1st Floor (Interior & MEP Work of Accenture) Period-03/01/2022 to 15/03/2022 for Inv No RA-1(9312225024) Dt-15/03/2022 against WO/PO no SDPL/OP/2021/Dec/3653 Dt-03/01/2022 For T-3 For Code,Services,space matrix cost tf from project upgradation of toilets as gf st floor interior mep work of accenture period to for inv no ra dt against wopo no sdplopdec dt for t for code,space matrix cost tf from project upgradation of toilets as gf st floor interior mep work of accenture period to for inv no ra dt against wopo no sdplopdec dt for t for code,173
FY23,315000.0,0,315000.0,Provision reclass of Godrej May22,Services,provision reclass of godrej may,provision reclass of godrej may,31
FY23,30200.0,0,30200.0,1.5 Tr. Split AC - 2 Star - Non Inverter ( Daikin ),Equipment,tr split ac star non inverter daikin,tr split ac star non inverter daikin,36
FY23,1700.0,0,1700.0,Installation Charges Of Split AC,Services,installation charges of split ac,installation charges of split ac,32
FY23,5600.0,0,5600.0,Copper piping with 09MM Insulation- Mettube,Material,copper piping with mm insulation mettube,copper piping with mm insulation mettube,40
FY23,1000.0,0,1000.0,Electrical wiring 2.5 MM - 4 Core,Material,electrical wiring mm core,electrical wiring mm core,25
FY23,800.0,0,800.0,Drain Pipe 25 MM PVC with Insulation,Material,drain pipe mm pvc with insulation,drain pipe mm pvc with insulation,33
FY23,800.0,0,800.0,MS Stand for wall hanging ODU,Material,ms stand for wall hanging odu,ms stand for wall hanging odu,29
FY23,250000.0,0,250000.0,Consultancy Testing & Commissioning engineers/managers for – T11 HOTO,Services,consultancy testing commissioning engineersmanagers for t hoto,consultancy testing commissioning engineersmanagers for t hoto,62
FY23,3000000.0,0,3000000.0,Interior and MEP work of Tower-3 GF & FF Atrium As per Attach Order,Services,interior and mep work of tower gf ff atrium as per attach order,interior and mep work of tower gf ff atrium as per attach order,63
FY23,9000000.0,0,9000000.0,Interior and MEP work of Tower-3 GF & FF Atrium As per Attach Order,Services,interior and mep work of tower gf ff atrium as per attach order,interior and mep work of tower gf ff atrium as per attach order,63
FY23,53400.0,0,53400.0,SITC of Camera licence for Server (Exacqvision),Equipment,sitc of camera licence for server exacqvision,sitc of camera licence for server exacqvision,45
FY23,312000.0,0,312000.0,Services Civil Work- Providing and fixing M.S.  rack Size = 71” (H) x 36” (L) x,Services,services civil work providing and fixing ms rack size h x l x,services civil work providing and fixing ms rack size h x l x,61
FY23,46400.0,0,46400.0,Services Fire Fighting- FAS System-Supply installation testing and commissioning,Services,services fire fighting fas systemsupply installation testing and commissioning,services fire fighting fas systemsupply installation testing and commissioning,78
FY23,4000.0,0,4000.0,Services Fire Fighting- FAS System-Supply installation testing and commissioning,Services,services fire fighting fas systemsupply installation testing and commissioning,services fire fighting fas systemsupply installation testing and commissioning,78
FY23,9000.0,0,9000.0,Services Fire Fighting- FAS System- Hooter cum Strobe Lights with output 85 Db a,Services,services fire fighting fas system hooter cum strobe lights with output db a,services fire fighting fas system hooter cum strobe lights with output db a,75
FY23,63000.0,0,63000.0,"Services Fire Fighting- FAS System- Supply, Laying, Testing & Commissioning of o",Services,services fire fighting fas system supply laying testing commissioning of o,services fire fighting fas system supply laying testing commissioning of o,74
FY23,10000.0,0,10000.0,Services Carpentry- Providing and installing wooden receiving desk 6' x 4'  as p,Services,services carpentry providing and installing wooden receiving desk x as p,services carpentry providing and installing wooden receiving desk x as p,72
FY23,1498291.5,0,1498291.5,Re-Furnishment of Ground Floor & First Floor Toilets of Tower 3 As per attach Or,Services,refurnishment of ground floor first floor toilets of tower as per attach or,refurnishment of ground floor first floor toilets of tower as per attach or,75
FY23,27500.0,0,27500.0,"Eye Wash Portable Unit (EWP 07), Make - Euronics/equivalent, Size - 540mm*255mm*",Equipment,eye wash portable unit ewp make euronicsequivalent size mmmm,eye wash portable unit ewp make euronicsequivalent size mmmm,60
FY23,201381.0,0,201381.0,Project Solutions24997Confined Space R,Services,project solutionsconfined space r,project solutionsconfined space r,33
FY23,250000.0,0,250000.0,Consultancy Testing & Commissioning engi,Services,consultancy testing commissioning engi,consultancy testing commissioning engi,38
FY23,12326372.5,0,12326372.5,Expense provision for the Month of Jun22,Services,expense provision for the month of jun,expense provision for the month of jun,38
FY23,11655.0,0,11655.0,Supply & fixing of MS Conduit Pipe,Material,supply fixing of ms conduit pipe,supply fixing of ms conduit pipe,32
FY23,2724.0,0,2724.0,"""SITC NEC IP Phone Model IP7WW-8IPLD-C1 - 01 for Guest Bedroom Ground floor - 01",Equipment,sitc nec ip phone model ipwwipldc for guest bedroom ground floor,sitc nec ip phone model ipwwipldc for guest bedroom ground floor,64
FY23,3331.0,0,3331.0,"""SITC NEC IP Phone Model IP7WW-8IPLD-C1 - 01 for Guest Bedroom Ground floor - 01",Equipment,sitc nec ip phone model ipwwipldc for guest bedroom ground floor,sitc nec ip phone model ipwwipldc for guest bedroom ground floor,64
FY23,26180.0,0,26180.0,SITC of NEC PBXModel SL2100 Equipped with-  03 Analogue Trunk - 32 Hybrid Extens,Equipment,sitc of nec pbxmodel sl equipped with analogue trunk hybrid extens,sitc of nec pbxmodel sl equipped with analogue trunk hybrid extens,66
FY23,5950.0,0,5950.0,"""SITC of Valrack 15U Rack 5MMD with front glass door Accessories included in the",Material,sitc of valrack u rack mmd with front glass door accessories included in the,sitc of valrack u rack mmd with front glass door accessories included in the,76
FY23,2800.0,0,2800.0,"SITC of Sub Rack, Patch Cords & Krone Modules",Material,sitc of sub rack patch cords krone modules,sitc of sub rack patch cords krone modules,42
FY23,630.0,0,630.0,SITC Jumper Wire,Material,sitc jumper wire,sitc jumper wire,16
FY23,4200.0,0,4200.0,SITC UPS 1KVA with 30 minutes Backup,Equipment,sitc ups kva with minutes backup,sitc ups kva with minutes backup,32
FY23,32375.0,0,32375.0,"""SITC Panasonic Analogue Telephone KX-T7705 with Stainless Steel Housing '-",Equipment,sitc panasonic analogue telephone kxt with stainless steel housing,sitc panasonic analogue telephone kxt with stainless steel housing,66
FY23,16450.0,0,16450.0,SITC Cisco 8 Port Managed PoE Switch,Material,sitc cisco port managed poe switch,sitc cisco port managed poe switch,34
FY23,17360.0,0,17360.0,Supply & Laying of Multi Mode 6 Core OFC Cable (Mtr),Material,supply laying of multi mode core ofc cable mtr,supply laying of multi mode core ofc cable mtr,46
FY23,6720.0,0,6720.0,SITC Fully Loaded 6 Port LIU Box with 2 Pigtails,Equipment,sitc fully loaded port liu box with pigtails,sitc fully loaded port liu box with pigtails,44
FY23,4200.0,0,4200.0,SITC SFP Module,Material,sitc sfp module,sitc sfp module,15
FY23,1610.0,0,1610.0,SITC OFC Patch Cord,Equipment,sitc ofc patch cord,sitc ofc patch cord,19
FY23,29890.0,0,29890.0,TV LED - 43LK 5260 - (Make - LG),Equipment,tv led lk make lg,tv led lk make lg,17
FY23,749146.0,0,749146.0,Re-Furnishment of Ground Floor & First Floor Toilets of Tower 3 As per attach Or,Services,refurnishment of ground floor first floor toilets of tower as per attach or,refurnishment of ground floor first floor toilets of tower as per attach or,75
FY23,11000.0,0,11000.0,"Eye Wash Portable Unit (EWP 07), Make - Euronics/equivalent, Size - 540mm*255mm*",Equipment,eye wash portable unit ewp make euronicsequivalent size mmmm,eye wash portable unit ewp make euronicsequivalent size mmmm,60
FY23,16500.0,0,16500.0,"Eye Wash Portable Unit (EWP 07), Make - Euronics/equivalent, Size - 540mm*255mm*",Equipment,eye wash portable unit ewp make euronicsequivalent size mmmm,eye wash portable unit ewp make euronicsequivalent size mmmm,60
FY23,172350.0,0,172350.0,"751267512109 Staff locker Industrial (Make - TATA MS steel CRC sheet), Type: 12 units with pa",Equipment,staff locker industrial make tata ms steel crc sheet type units with pa,staff locker industrial make tata ms steel crc sheet type units with pa,71
FY23,3420441.0,0,3420441.0,Interior and MEP work of Tower-3 GF & FF Atrium As per Attach Order,Services,interior and mep work of tower gf ff atrium as per attach order,interior and mep work of tower gf ff atrium as per attach order,63
FY23,57450.0,0,57450.0,"741268532570 Staff locker Industrial (Make - TATA MS steel CRC sheet), Type: 12 units with pa",Equipment,staff locker industrial make tata ms steel crc sheet type units with pa,staff locker industrial make tata ms steel crc sheet type units with pa,71
FY23,114900.0,0,114900.0,"781268531298 Staff locker Industrial (Make - TATA MS steel CRC sheet), Type: 12 units with pa",Equipment,staff locker industrial make tata ms steel crc sheet type units with pa,staff locker industrial make tata ms steel crc sheet type units with pa,71
FY23,368000.0,0,368000.0,Exp transfer from R&M to CWIP_Nirvana,Services,exp transfer from rm to cwip_nirvana,exp transfer from rm to cwip_nirvana,36
FY23,92000.0,0,92000.0,Extension for Consultancy Testing & Commissioning MEP engineers for – T11 HOTO,Services,extension for consultancy testing commissioning mep engineers for t hoto,extension for consultancy testing commissioning mep engineers for t hoto,72
FY23,46000.0,0,46000.0,Extension for Consultancy Testing & Commissioning MEP engineers for – T11 HOTO,Services,extension for consultancy testing commissioning mep engineers for t hoto,extension for consultancy testing commissioning mep engineers for t hoto,72
FY23,90720.0,0,90720.0,"WC  03/07/2022 Supplying, fixing, testing and commissioning of chilled water pipes of 2"" MS ""C""",Services,wc supplying fixing testing and commissioning of chilled water pipes of ms c,wc supplying fixing testing and commissioning of chilled water pipes of ms c,76
FY23,15600.0,0,15600.0,"Supplying, fixing, testing and commissioning of chilled water pipes of 32mm MS """,Services,supplying fixing testing and commissioning of chilled water pipes of mm ms,supplying fixing testing and commissioning of chilled water pipes of mm ms,74
FY23,42000.0,0,42000.0,"Insullation on 2"" dia pipe / valves with 19mm nitril foam closed cell elastomeri",Material,insullation on dia pipe valves with mm nitril foam closed cell elastomeri,insullation on dia pipe valves with mm nitril foam closed cell elastomeri,73
FY23,9600.0,0,9600.0,Insullation on 32mm dia pipe / valves with 19mm nitril foam closed cell elastome,Material,insullation on mm dia pipe valves with mm nitril foam closed cell elastome,insullation on mm dia pipe valves with mm nitril foam closed cell elastome,74
FY23,10500.0,0,10500.0,"SITC  MS Elbow 2""",Equipment,sitc ms elbow,sitc ms elbow,13
FY23,6540.0,0,6540.0,"SITC  MS Elbow1.5""",Equipment,sitc ms elbow,sitc ms elbow,13
FY23,14300.0,0,14300.0,"Supply fabrication of MS Angel , Rod, Nut bolts, clamp, anchor fashtner required",Material,supply fabrication of ms angel rod nut bolts clamp anchor fashtner required,supply fabrication of ms angel rod nut bolts clamp anchor fashtner required,75
FY23,8925.0,0,8925.0,"upply installation of pipe PVC drain line pipe 1"" dia size along with necessary",Material,upply installation of pipe pvc drain line pipe dia size along with necessary,upply installation of pipe pvc drain line pipe dia size along with necessary,76
FY23,39000.0,0,39000.0,"Supply, drawing, testing and commissioning of electrical cable 3CX2.5sqmm copper",Material,supply drawing testing and commissioning of electrical cable cxsqmm copper,supply drawing testing and commissioning of electrical cable cxsqmm copper,74
FY23,98320.0,0,98320.0,"791272034814 Exhaust Fan Flame Poof - Wall mounted Flame proof exhaust fan, Size 18” - (make",Equipment,exhaust fan flame poof wall mounted flame proof exhaust fan size make,exhaust fan flame poof wall mounted flame proof exhaust fan size make,69
FY23,391770.0,0,391770.0,"Supply, Installation, testing and commissioning of Hi wall fan coil unit 2TR wit",Services,supply installation testing and commissioning of hi wall fan coil unit tr wit,supply installation testing and commissioning of hi wall fan coil unit tr wit,77
FY23,8880.0,0,8880.0,"Supply, Installation, testing and commissioning of electrical On/Off switch, soc",Services,supply installation testing and commissioning of electrical onoff switch soc,supply installation testing and commissioning of electrical onoff switch soc,76
FY23,14000.0,0,14000.0,"Supply, Installation, testing and commissioning of electrical MCB box 150mm x 13",Services,supply installation testing and commissioning of electrical mcb box mm x,supply installation testing and commissioning of electrical mcb box mm x,72
FY23,17600.0,0,17600.0,Dismantling existing Aircool unit with shifting as per instruction,Equipment,dismantling existing aircool unit with shifting as per instruction,dismantling existing aircool unit with shifting as per instruction,66
FY23,9800.0,0,9800.0,Charges For Scoffolding.,Services,charges for scoffolding,charges for scoffolding,23
FY23,19000.0,0,19000.0,"Supply, drawing, testing and commissioning of electrical cable 3CX2.5sqmm copper",Material,supply drawing testing and commissioning of electrical cable cxsqmm copper,supply drawing testing and commissioning of electrical cable cxsqmm copper,74
FY23,25000.0,0,25000.0,"Supply, drawing, testing and commissioning of 40x50x40mm GI Cable tray for cabli",Material,supply drawing testing and commissioning of xxmm gi cable tray for cabli,supply drawing testing and commissioning of xxmm gi cable tray for cabli,72
FY23,110960.0,0,110960.0,"Supplying, fixing, testing and commissioning of chilled water pipes of 2"" MS ""C""",Services,supplying fixing testing and commissioning of chilled water pipes of ms c,supplying fixing testing and commissioning of chilled water pipes of ms c,73
FY23,26460.0,0,26460.0,"Supplying, fixing, testing and commissioning of chilled water pipes of 1.5""  MS",Services,supplying fixing testing and commissioning of chilled water pipes of ms,supplying fixing testing and commissioning of chilled water pipes of ms,71
FY23,18000.0,0,18000.0,SITC of copper connection for AC unit with flares,Equipment,sitc of copper connection for ac unit with flares,sitc of copper connection for ac unit with flares,49
FY23,76000.0,0,76000.0,"Insullation on 2"" dia pipe / valves with 19mm nitril foam closed cell elastomeri",Material,insullation on dia pipe valves with mm nitril foam closed cell elastomeri,insullation on dia pipe valves with mm nitril foam closed cell elastomeri,73
FY23,19600.0,0,19600.0,"Insullation on 1.5"" dia pipe / valves with 19mm nitril foam closed cell elastome",Material,insullation on dia pipe valves with mm nitril foam closed cell elastome,insullation on dia pipe valves with mm nitril foam closed cell elastome,71
FY23,4500.0,0,4500.0,"Strainer, Valves, Insullation with closed cell elastomeric nitrile rubber insula",Material,strainer valves insullation with closed cell elastomeric nitrile rubber insula,strainer valves insullation with closed cell elastomeric nitrile rubber insula,78
FY23,13500.0,0,13500.0,"Supply, Installation, testing and commissioning of 32mm with strainer valve PN 1",Services,supply installation testing and commissioning of mm with strainer valve pn,supply installation testing and commissioning of mm with strainer valve pn,74
FY23,9000.0,0,9000.0,"Supply, Installation, testing and commissioning of 32mm with without strainer va",Services,supply installation testing and commissioning of mm with without strainer va,supply installation testing and commissioning of mm with without strainer va,76
FY23,2000.0,0,2000.0,"SITC of AIR purge with fitting accessories make JCI/Castle  Size - 1/2""",Equipment,sitc of air purge with fitting accessories make jcicastle size,sitc of air purge with fitting accessories make jcicastle size,62
FY23,1600.0,0,1600.0,"SITC of ball valve with fitting accessories  1/2"" Make Sant/Leader",Material,sitc of ball valve with fitting accessories make santleader,sitc of ball valve with fitting accessories make santleader,59
FY23,6000.0,0,6000.0,"Supply installation of pipe PVC drain line  pipe 1"" dia size along with necessar",Material,supply installation of pipe pvc drain line pipe dia size along with necessar,supply installation of pipe pvc drain line pipe dia size along with necessar,76
FY23,19500.0,0,19500.0,"Supply fabrication of MS Angel , Rod, Nut bolts, clamp, anchor fashtner required",Material,supply fabrication of ms angel rod nut bolts clamp anchor fashtner required,supply fabrication of ms angel rod nut bolts clamp anchor fashtner required,75
FY23,15000.0,0,15000.0,"Charges for loading, unloading with freight charges .",Services,charges for loading unloading with freight charges,charges for loading unloading with freight charges,50
FY23,177000.0,0,177000.0,MEP -HOTO of Tower 11A/MLCP,Services,mep hoto of tower amlcp,mep hoto of tower amlcp,23
FY23,936000.0,0,936000.0,Exp transfer from R&M to CWIP_Nirvana,Services,exp transfer from rm to cwip_nirvana,exp transfer from rm to cwip_nirvana,36
FY23,5374102.0,0,5374102.0,Upgradation of lobbies at G. Floor & 1st Floor in T-3,Services,upgradation of lobbies at g floor st floor in t,upgradation of lobbies at g floor st floor in t,47
FY23,113050.0,0,113050.0,SITC of Glass Door PPE Box with three partitions & two shelves on the right and,Equipment,sitc of glass door ppe box with three partitions two shelves on the right and,sitc of glass door ppe box with three partitions two shelves on the right and,77
FY23,72200.0,0,72200.0,"771275236990 Supply Insulation Tester - 5KV Digital Insulation Tester ,5 KV Insulation Tester Voltag",Material,supply insulation tester kv digital insulation tester kv insulation tester voltag,supply insulation tester kv digital insulation tester kv insulation tester voltag,81
FY23,12400.0,0,12400.0,Supply ofDispenser Water - Frosty plus - (Make - Atlantis),Equipment,supply ofdispenser water frosty plus make atlantis,supply ofdispenser water frosty plus make atlantis,50
FY23,33000.0,0,33000.0,Water Cooler,Equipment,water cooler,water cooler,12
FY23,15000.0,0,15000.0,Monobloc Pump,Equipment,monobloc pump,monobloc pump,13
FY23,31000.0,0,31000.0,"SUPPLY OF  Wheel Chair, Wheel Chair Folding Type Dim : 42"" L x 22"" W x 36"" H with 17"" Seat",Equipment,supply of wheel chair wheel chair folding type dim l x w x h with seat,supply of wheel chair wheel chair folding type dim l x w x h with seat,70
FY23,3291217.5,0,3291217.5,Expense Provision for Sep22,Services,expense provision for sep,expense provision for sep,25
FY23,18500.0,0,18500.0,SITC of AV system for training room,Services,sitc of av system for training room,sitc of av system for training room,35
FY23,85000.0,0,85000.0,SITC of AV system for training room,Services,sitc of av system for training room,sitc of av system for training room,35
FY23,6000.0,0,6000.0,SITC of AV system for training room,Services,sitc of av system for training room,sitc of av system for training room,35
FY23,10200.0,0,10200.0,SITC of AV system for training room,Services,sitc of av system for training room,sitc of av system for training room,35
FY23,4400.0,0,4400.0,SITC of AV system for training room,Services,sitc of av system for training room,sitc of av system for training room,35
FY23,3800.0,0,3800.0,SITC of AV system for training room,Services,sitc of av system for training room,sitc of av system for training room,35
FY23,1398.0,0,1398.0,SITC of AV system for training room,Services,sitc of av system for training room,sitc of av system for training room,35
FY23,1260.0,0,1260.0,SITC of AV system for training room,Services,sitc of av system for training room,sitc of av system for training room,35
FY23,2302.0,0,2302.0,SITC of AV system for training room,Services,sitc of av system for training room,sitc of av system for training room,35
FY23,26100.0,0,26100.0,Tester RCD - Rated Tripping Current :- 10/20/30/200/300/500m,Equipment,tester rcd rated tripping current m,tester rcd rated tripping current m,35
FY23,1450.0,0,1450.0,Tester LAN Cable- -Line Tester-D-Link,Material,tester lan cable line testerdlink,tester lan cable line testerdlink,33
FY23,12750.0,0,12750.0,Camera CCTV -DS-2CD1323G0E-I-IP Dome Camera 2MP-Hikvision,Equipment,camera cctv dscdgeiip dome camera mphikvision,camera cctv dscdgeiip dome camera mphikvision,45
FY23,5000.0,0,5000.0,Glass Plate- -Door release glass plate-Swastik,Equipment,glass plate door release glass plateswastik,glass plate door release glass plateswastik,43
FY23,1650.0,0,1650.0,Power adapter - ERD 12V 2A - 12 Volts 2 Amps power adapter for cameras,Equipment,power adapter erd v a volts amps power adapter for cameras,power adapter erd v a volts amps power adapter for cameras,58
FY23,5820.0,0,5820.0,"Hard Drive Surveillance -Capacity - 1 TB, Make - Seagate",Equipment,hard drive surveillance capacity tb make seagate,hard drive surveillance capacity tb make seagate,48
FY23,12750.0,0,12750.0,"Hard Drive Surveillance -Capacity -  4 TB, Make - Seagate",Equipment,hard drive surveillance capacity tb make seagate,hard drive surveillance capacity tb make seagate,48
FY23,18825.0,0,18825.0,Cable Cat6 Network -Type-CAT6 23 AWG SOLID BARE COPPER 305 MTR A Box,Material,cable cat network typecat awg solid bare copper mtr a box,cable cat network typecat awg solid bare copper mtr a box,57
FY23,4680.0,0,4680.0,Module SFP - DEM-310GT - Fibre 1 G SFP module Single mode - (make - D-Link),Material,module sfp demgt fibre g sfp module single mode make dlink,module sfp demgt fibre g sfp module single mode make dlink,58
FY23,13250.0,0,13250.0,UPS - Type:600VA (Make -APC),Equipment,ups typeva make apc,ups typeva make apc,19
FY23,1800.0,0,1800.0,Crimping Tool- -Crimping Tool-D-Link,Equipment,crimping tool crimping tooldlink,crimping tool crimping tooldlink,32
FY23,3870.0,0,3870.0,711288384473 Camera CCTV -DS-2CE16D0T-ITPF-HD Bullet Camera 2MP with switch mode button-Hikvi,Material,camera cctv dscedtitpfhd bullet camera mp with switch mode buttonhikvi,camera cctv dscedtitpfhd bullet camera mp with switch mode buttonhikvi,70
FY23,2540.0,0,2540.0,Camera CCTV -DS-2CE76D0T-ITPFS-HD Dome Camera 2MP with switch mode button-Hikvis,Material,camera cctv dscedtitpfshd dome camera mp with switch mode buttonhikvis,camera cctv dscedtitpfshd dome camera mp with switch mode buttonhikvis,70
FY23,10475.0,0,10475.0,"Hard Disk Drive- -6TB, Surveillance-Seagate",Equipment,hard disk drive tb surveillanceseagate,hard disk drive tb surveillanceseagate,38
FY23,26000.0,0,26000.0,Camera CCTV -DS-2CD1023G0E-I-IP Bullet Camera 2MP-Hikvision,Equipment,camera cctv dscdgeiip bullet camera mphikvision,camera cctv dscdgeiip bullet camera mphikvision,47
FY23,215000.0,0,215000.0,AIR OK PO 27245 SITC AirOK Air Cleaner for server room T11,Equipment,air ok po sitc airok air cleaner for server room t,air ok po sitc airok air cleaner for server room t,50
FY23,215000.0,0,215000.0,SITC of AirOK CG 1000 Air Cleaner(for server room) T-11,Equipment,sitc of airok cg air cleanerfor server room t,sitc of airok cg air cleanerfor server room t,45
FY23,138600.0,0,138600.0,ABT Meter CTPT foundation and ALT Structure installation at UPPCL Substation.,Services,abt meter ctpt foundation and alt structure installation at uppcl substation,abt meter ctpt foundation and alt structure installation at uppcl substation,76
FY23,115002.0,0,115002.0,ABT Meter CTPT foundation and ALT Structure installation at UPPCL Substation.,Services,abt meter ctpt foundation and alt structure installation at uppcl substation,abt meter ctpt foundation and alt structure installation at uppcl substation,76
FY23,16500.0,0,16500.0,Spring Seesaw Two Seater NES 4410 Size 5.5 x 1 x 1.5 Ft.,Equipment,spring seesaw two seater nes size x x ft,spring seesaw two seater nes size x x ft,40
FY23,32750.0,0,32750.0,Star Type MGRMS Seat NES 4205 Size 5 x 5 x 3 Ft.,Equipment,star type mgrms seat nes size x x ft,star type mgrms seat nes size x x ft,36
FY23,77850.0,0,77850.0,Multi Seater Swing NES 4110 Size 21 x 6 x 8 Ft.,Equipment,multi seater swing nes size x x ft,multi seater swing nes size x x ft,34
FY23,32550.0,0,32550.0,Toddler Slide NES 3801 Size 9 x 2 x 4.5 Ft.,Equipment,toddler slide nes size x x ft,toddler slide nes size x x ft,29
FY23,48000.0,0,48000.0,Trf to Exp to Cwip 0183202223,Equipment,trf to exp to cwip,trf to exp to cwip,18
FY23,77850.0,0,77850.0,NAREMA PO 27725 Multi Seater Swing for creche,Equipment,narema po multi seater swing for creche,narema po multi seater swing for creche,39
FY23,16500.0,0,16500.0,NAREMA PO 27725 Spring Seesaw Two Seater for creche,Equipment,narema po spring seesaw two seater for creche,narema po spring seesaw two seater for creche,45
FY23,32750.0,0,32750.0,NAREMA PO 27725 Star Type MGRMS Seat for creche,Equipment,narema po star type mgrms seat for creche,narema po star type mgrms seat for creche,41
FY23,32550.0,0,32550.0,NAREMA PO 27725 Toddler Slide NES for creche,Equipment,narema po toddler slide nes for creche,narema po toddler slide nes for creche,38
FY23,8300.0,0,8300.0,PINNACLE PO 28151 Shoe Shine Machine T1 Qty02,Equipment,pinnacle po shoe shine machine t qty,pinnacle po shoe shine machine t qty,36
FY23,15000.0,0,15000.0,Dr Aqua PO 25956 RO water centralization mono block pumpT2,Equipment,dr aqua po ro water centralization mono block pumpt,dr aqua po ro water centralization mono block pumpt,51
FY23,33000.0,0,33000.0,Dr Aqua PO 25956 RO water centralization water coolerT2,Equipment,dr aqua po ro water centralization water coolert,dr aqua po ro water centralization water coolert,48
FY23,132860.0,0,132860.0,EESS GLOBAL PO 26608 AV system for training room T2 Basement1,Services,eess global po av system for training room t basement,eess global po av system for training room t basement,53
FY23,15000.0,0,15000.0,Dr Aqua PO 25956 RO water centralization mono block pumpT3,Equipment,dr aqua po ro water centralization mono block pumpt,dr aqua po ro water centralization mono block pumpt,51
FY23,33000.0,0,33000.0,Dr Aqua PO 25956 RO water centralization water coolerT3,Equipment,dr aqua po ro water centralization water coolert,dr aqua po ro water centralization water coolert,48
FY23,1836.0,0,1836.0,SITC - MS Conduit 25mm with accessories (AKG/BEC),Material,sitc ms conduit mm with accessories akgbec,sitc ms conduit mm with accessories akgbec,42
FY23,5400.0,0,5400.0,SITC - Magnetic Lock LBS 600 BEL (BEL),Equipment,sitc magnetic lock lbs bel bel,sitc magnetic lock lbs bel bel,30
FY23,900.0,0,900.0,SITC - 12Vdc 3Amp Power Supply (Protekt),Equipment,sitc vdc amp power supply protekt,sitc vdc amp power supply protekt,33
FY23,175000.0,0,175000.0,SITC - Face Recognition Access Control Systems and proximity card (125 KHZ) (Vir,Equipment,sitc face recognition access control systems and proximity card khz vir,sitc face recognition access control systems and proximity card khz vir,71
FY23,25600.0,0,25600.0,SITC - Software for Access Controller (Virdi/IDIS),Equipment,sitc software for access controller virdiidis,sitc software for access controller virdiidis,45
FY23,2200.0,0,2200.0,SITC - Exit Touchless Button with Box (Sek - 300 NT),Equipment,sitc exit touchless button with box sek nt,sitc exit touchless button with box sek nt,42
FY23,980.0,0,980.0,SITC of CAT-6 Cable (D-Link),Material,sitc of cat cable dlink,sitc of cat cable dlink,23
FY23,5900.0,0,5900.0,SITC - Surface Mount Door Closer (Dorma Kaba T72),Equipment,sitc surface mount door closer dorma kaba t,sitc surface mount door closer dorma kaba t,43
FY23,1200.0,0,1200.0,SITC - 230 Vac 3 Pin Socket 6 Amp with Box (Anchor),Material,sitc vac pin socket amp with box anchor,sitc vac pin socket amp with box anchor,39
FY23,1580.0,0,1580.0,SITC - 3 Core Cable 1.5 Sqmm (Polycab/Anchor),Material,sitc core cable sqmm polycabanchor,sitc core cable sqmm polycabanchor,34
FY23,4150.0,0,4150.0,PINNACLE PO 28151 Shoe Shine Machine T5 Qty01,Equipment,pinnacle po shoe shine machine t qty,pinnacle po shoe shine machine t qty,36
FY23,4150.0,0,4150.0,PINNACLE PO 28151 Shoe Shine Machine T6 Qty01,Equipment,pinnacle po shoe shine machine t qty,pinnacle po shoe shine machine t qty,36
FY23,168000.0,0,168000.0,GIRI  Enterprises PO 27729 Chair Evacuation  T7 LG floorQty03,Equipment,giri enterprises po chair evacuation t lg floorqty,giri enterprises po chair evacuation t lg floorqty,50
FY23,4150.0,0,4150.0,PINNACLE PO 28151 Shoe Shine Machine T7 Qty01,Equipment,pinnacle po shoe shine machine t qty,pinnacle po shoe shine machine t qty,36
FY23,8400.0,0,8400.0,Supply and Installation of SS Table Tower-10 GF Lobby Reception (Date of WC-17-11-22),Services,supply and installation of ss table tower gf lobby reception date of wc,supply and installation of ss table tower gf lobby reception date of wc,71
FY23,300.0,0,300.0,Freight,Equipment,freight,freight,7
FY23,105000.0,0,105000.0,MMA DESIGN PO 27347 Chairs for food courtQty20,Equipment,mma design po chairs for food courtqty,mma design po chairs for food courtqty,38
FY23,4150.0,0,4150.0,PINNACLE PO 28151 Shoe Shine Machine Aminity block Qty01,Equipment,pinnacle po shoe shine machine aminity block qty,pinnacle po shoe shine machine aminity block qty,48
FY23,4150.0,0,4150.0,PINNACLE PO 28151 Shoe Shine Machine T11 Qty01,Equipment,pinnacle po shoe shine machine t qty,pinnacle po shoe shine machine t qty,36
FY23,210000.0,0,210000.0,"Supply, installation, testing and commissioning of air quality monitoring sensor",Services,supply installation testing and commissioning of air quality monitoring sensor,supply installation testing and commissioning of air quality monitoring sensor,78
FY23,110000.0,0,110000.0,"""Customized Dynamic Dashboard development  one time charges for software develop",Services,customized dynamic dashboard development one time charges for software develop,customized dynamic dashboard development one time charges for software develop,78
FY23,235000.0,0,235000.0,"""Customization/modification and integration of developed dashboard charges as pe",Services,customizationmodification and integration of developed dashboard charges as pe,customizationmodification and integration of developed dashboard charges as pe,78
FY23,1050000.0,0,1050000.0,"""Supply , Installation, testing  and Commissioning of LED TV 55'inch with Androi",Services,supply installation testing and commissioning of led tv inch with androi,supply installation testing and commissioning of led tv inch with androi,72
FY23,13800.0,0,13800.0,"""Web Portal Access Charges Per year includes A)24x7 data storage in dedicated ID",Services,web portal access charges per year includes ax data storage in dedicated id,web portal access charges per year includes ax data storage in dedicated id,75
FY23,30000.0,0,30000.0,Dashboard maintenance charges (per year) Includes Cloud charges for data storage,Services,dashboard maintenance charges per year includes cloud charges for data storage,dashboard maintenance charges per year includes cloud charges for data storage,78
FY23,168000.0,0,168000.0,"751296401063 Supply of  Chair Evacuation  T-7 LG floor  (300 H), Make - Evac+Chair, Height: 1050mm(folded) ; Width: 520",Equipment,supply of chair evacuation t lg floor h make evacchair height mmfolded width,supply of chair evacuation t lg floor h make evacchair height mmfolded width,76
FY23,35000.0,0,35000.0,"Air Blower with Exhausts Unit - 1200M,  Heavy duty power coated Armor sheet hous",Equipment,air blower with exhausts unit m heavy duty power coated armor sheet hous,air blower with exhausts unit m heavy duty power coated armor sheet hous,72
FY23,100000.0,0,100000.0,721298711734 Chair - PP Shell with wooden legs for Food court,Equipment,chair pp shell with wooden legs for food court,chair pp shell with wooden legs for food court,46
FY23,5000.0,0,5000.0,REIMBURESMENT OF  Freight & Cartridge of purchase of chair for food court,Equipment,reimburesment of freight cartridge of purchase of chair for food court,reimburesment of freight cartridge of purchase of chair for food court,70
FY23,29050.0,0,29050.0,"Automatic shoe polish machine Metal Tower,1,(6,5,7,11 & Aminity block)(T1-2 machine rest of tower Uesd 1 Machine (Material Recd. on 28-11-22)",Equipment,automatic shoe polish machine metal tower aminity blockt machine rest of tower uesd machine material recd on,automatic shoe polish machine metal tower aminity blockt machine rest of tower uesd machine material recd on,108
FY23,277500.0,0,277500.0,"791304018728  tower 1,11,11a,6,7,8,9 total unit breaker (7,17,24,2,1,16,28)(,Supply of unit 150 Extinguisher Fire - Size: 6 Kgs., Type: ABC, UL Powder, MAP-90, ISI marked, BIS",Equipment,tower a total unit breaker supply of unit extinguisher fire size kgs type abc ul powder map isi marked bis,tower a total unit breaker supply of unit extinguisher fire size kgs type abc ul powder map isi marked bis,106
FY23,237500.0,0,237500.0,"741304022287 (tower -11,11a,6, unit(30+65+5)Extinguisher Fire - Size: 4.5 Kgs., Type: CO2 , ISI marked, BIS certified - (Mak",Equipment,tower a unitextinguisher fire size kgs type co isi marked bis certified mak,tower a unitextinguisher fire size kgs type co isi marked bis certified mak,75
FY23,92500.0,0,92500.0,"Extinguisher Fire - Size: 6 Kgs., Type: ABC, UL Powder, MAP-90, ISI marked, BIS",Equipment,extinguisher fire size kgs type abc ul powder map isi marked bis,extinguisher fire size kgs type abc ul powder map isi marked bis,64
FY23,36697.5,0,36697.5,"Tower-2,5,6,7, each used 1, Amenity block used 2 Sanitary Pad & Sanitary Pouch Dispenser - ESN05 - 304 Grade ,stainless steel",Equipment,tower each used amenity block used sanitary pad sanitary pouch dispenser esn grade stainless steel,tower each used amenity block used sanitary pad sanitary pouch dispenser esn grade stainless steel,98
FY23,29992.5,0,29992.5,Amenity Block Baby Diaper changing station - Stainless Steel #304 Satin Finish Dimension: 905m,Equipment,amenity block baby diaper changing station stainless steel satin finish dimension m,amenity block baby diaper changing station stainless steel satin finish dimension m,83
FY23,50000.0,0,50000.0,"Tower 6,4,11,1 Unit total 75 (48,1,25,1) Received 12/12/22 fire Extinguisher Fire - Size: 45 Ltrs., Type: M/Foam Cartridge,  ISI marked, BIS cer",Equipment,tower unit total received fire extinguisher fire size ltrs type mfoam cartridge isi marked bis cer,tower unit total received fire extinguisher fire size ltrs type mfoam cartridge isi marked bis cer,98
FY23,16800.0,0,16800.0,"Extinguisher Fire - Size: 9 Ltrs. , Type: Water Stored Pressure, ISI marked, BIS",Equipment,extinguisher fire size ltrs type water stored pressure isi marked bis,extinguisher fire size ltrs type water stored pressure isi marked bis,69
FY23,123000.0,0,123000.0,"Extinguisher Fire - Size: 9 Ltrs., Type: M/Foam Stored Pressure,  ISI marked, BI",Equipment,extinguisher fire size ltrs type mfoam stored pressure isi marked bi,extinguisher fire size ltrs type mfoam stored pressure isi marked bi,68
FY23,23500.0,0,23500.0,Supply of hand pallet received date13/12/22,Equipment,supply of hand pallet received date,supply of hand pallet received date,35
FY23,67500.0,0,67500.0,301536364959 Supply of 3 POS  Machine(moveable item),Equipment,supply of pos machinemoveable item,supply of pos machinemoveable item,34
FY23,24000.0,0,24000.0,SAFETY PO 27589 Exhaust Fan  Flexible Duct for Fire  SafetyQty02,Equipment,safety po exhaust fan flexible duct for fire safetyqty,safety po exhaust fan flexible duct for fire safetyqty,54
FY23,10510330.4,0,10510330.4,Expense Provision for Dec22,Services,expense provision for dec,expense provision for dec,25
FY23,150000.0,0,150000.0,AAZTEC PO 28225 Digital Directory LED Ki,Equipment,aaztec po digital directory led ki,aaztec po digital directory led ki,34
FY23,18000.0,0,18000.0,"WC 23122022 SITC of Digital Directory, LED Kiosk T-5 To T-10",Equipment,wc sitc of digital directory led kiosk t to t,wc sitc of digital directory led kiosk t to t,45
FY23,882000.0,0,882000.0,"WC 23122022 SITC of Digital Directory, LED Kiosk T-5 To T-10",Equipment,wc sitc of digital directory led kiosk t to t,wc sitc of digital directory led kiosk t to t,45
FY23,130950.0,0,130950.0,"SITC of Washroom Odor Hygiene  Scent Diffuser, Model: Sens Pro  Coverage: 100-60",Equipment,sitc of washroom odor hygiene scent diffuser model sens pro coverage,sitc of washroom odor hygiene scent diffuser model sens pro coverage,68
FY23,34800.0,0,34800.0,Air Diffusion Fragrance Oil 1 Ltr Commercial Grade with certified air care use,Equipment,air diffusion fragrance oil ltr commercial grade with certified air care use,air diffusion fragrance oil ltr commercial grade with certified air care use,76
FY23,53600.0,0,53600.0,"SITC of AHU Connectable Scent Diffuser, Model: SH5000 Material: Metal Coverage:",Equipment,sitc of ahu connectable scent diffuser model sh material metal coverage,sitc of ahu connectable scent diffuser model sh material metal coverage,71
FY23,211500.0,0,211500.0,"SITC of Non AHU Type Scent Diffuser, Model: SHT2500 Material: Metal Coverage: 25",Equipment,sitc of non ahu type scent diffuser model sht material metal coverage,sitc of non ahu type scent diffuser model sht material metal coverage,69
FY23,3550.0,0,3550.0,Chair - PP Shell with wooden legs for Food court(DOR- 16-12-22),Equipment,chair pp shell with wooden legs for food courtdor,chair pp shell with wooden legs for food courtdor,49
FY23,5242.5,0,5242.5,EURONICS PO 28319 Sanitary Pad Dispenser Qty 01,Equipment,euronics po sanitary pad dispenser qty,euronics po sanitary pad dispenser qty,38
FY23,41500.0,0,41500.0,"WC  18/01/23 SITC of Network Rack (T-5  GROUND FLOOR)- 42U Rack Enclosure Frame- 800X800-Steel with Accessories Like Fan, PDU, Cable Manager and complete as required"" (D-Link)",Material,wc sitc of network rack t ground floor u rack enclosure frame xsteel with accessories like fan pdu cable manager and complete as required dlink,wc sitc of network rack t ground floor u rack enclosure frame xsteel with accessories like fan pdu cable manager and complete as required dlink,143
FY23,830.0,0,830.0,:PO Number 28384,Equipment,po number,po number,9
FY23,30200.0,0,30200.0,GLOBAL COM PO 29025 Projector for ESTATE OFFICE,Equipment,global com po projector for estate office,global com po projector for estate office,41
FY23,200000.0,0,200000.0,Consultancy Testing & Commissioning engineers/managers for – T11 HOTO,Services,consultancy testing commissioning engineersmanagers for t hoto,consultancy testing commissioning engineersmanagers for t hoto,62
FY23,72000.0,0,72000.0,Supply installation testing and commissioning of air quality monitoring sensor (,Services,supply installation testing and commissioning of air quality monitoring sensor,supply installation testing and commissioning of air quality monitoring sensor,78
FY23,94000.0,0,94000.0,SITC of Customized Dynamic Dashboard development charges which will be compatibl,Services,sitc of customized dynamic dashboard development charges which will be compatibl,sitc of customized dynamic dashboard development charges which will be compatibl,80
FY23,120000.0,0,120000.0,Supply Installtion and Commissioning of Android media player for Digital Signage,Services,supply installtion and commissioning of android media player for digital signage,supply installtion and commissioning of android media player for digital signage,80
FY23,4600.0,0,4600.0,SITC of Web Portal Access Charges Per year includes  A)24x7 data storage in dedi,Services,sitc of web portal access charges per year includes ax data storage in dedi,sitc of web portal access charges per year includes ax data storage in dedi,75
FY23,10000.0,0,10000.0,SITC of Dashboard maintenance charges (per year) Includes Cloud charges for data,Services,sitc of dashboard maintenance charges per year includes cloud charges for data,sitc of dashboard maintenance charges per year includes cloud charges for data,78
FY23,66900.0,0,66900.0,461305751392 Supply of Chair PP Shell with wooden legs for Food court,Equipment,supply of chair pp shell with wooden legs for food court,supply of chair pp shell with wooden legs for food court,56
FY23,30200.0,0,30200.0,SUPPLY Projector ESTATE OFFICE  - Projector - EB-E01 - Epson Projector - (MAKE - Epson) DOR-04-02-23,Equipment,supply projector estate office projector ebe epson projector make epson dor,supply projector estate office projector ebe epson projector make epson dor,75
FY23,66900.0,0,66900.0,Narema PO 28720 Chairs for food court,Equipment,narema po chairs for food court,narema po chairs for food court,31
FY23,29992.5,0,29992.5,EURONICS PO 28319 Baby Diaper changing station QTY 01,Equipment,euronics po baby diaper changing station qty,euronics po baby diaper changing station qty,44
FY23,10485.0,0,10485.0,EURONICS PO 28319 Sanitary Pad Dispenser Qty 02,Equipment,euronics po sanitary pad dispenser qty,euronics po sanitary pad dispenser qty,38
FY23,75150.0,0,75150.0,GLOBAL ENGINEERING 28216 AQI monitoring,Equipment,global engineering aqi monitoring,global engineering aqi monitoring,33
FY23,39337.5,0,39337.5,EURONICS 29187 AUTOMATIC HAND DRYER wash,Equipment,euronics automatic hand dryer wash,euronics automatic hand dryer wash,34
FY23,86212.5,0,86212.5,EURONICS 29376 Automatic Paper Dispenser,Equipment,euronics automatic paper dispenser,euronics automatic paper dispenser,34
FY23,7867.5,0,7867.5,EURONICS 29187 AUTOMATIC HAND DRYER Driv,Equipment,euronics automatic hand dryer driv,euronics automatic hand dryer driv,34
FY23,7867.5,0,7867.5,EURONICS 29187 AUTOMATIC HAND DRYER wash,Equipment,euronics automatic hand dryer wash,euronics automatic hand dryer wash,34
FY23,274800.0,0,274800.0,GLOBAL ENGINEERING 27119 AQI monitoring,Equipment,global engineering aqi monitoring,global engineering aqi monitoring,33
FY23,284903.5,0,284903.5,SITC of converting Ph-1 analog CCTV camera into IP camera (Company-Siemens),Equipment,sitc of converting ph analog cctv camera into ip camera companysiemens,sitc of converting ph analog cctv camera into ip camera companysiemens,70
FY23,48748.0,0,48748.0,"Supply, Installation, Testing & Commissioning of 8TB Surveillance Internal Hard",Services,supply installation testing commissioning of tb surveillance internal hard,supply installation testing commissioning of tb surveillance internal hard,74
FY23,33306.0,0,33306.0,Supply of CAT 6Giga speed unshielded twisted pair computer cable with 23 AWG sol,Equipment,supply of cat giga speed unshielded twisted pair computer cable with awg sol,supply of cat giga speed unshielded twisted pair computer cable with awg sol,76
FY23,13181.7,0,13181.7,"Supply, Installation, Testing and commissioning of 9U Network Rack  with PDU, ca",Services,supply installation testing and commissioning of u network rack with pdu ca,supply installation testing and commissioning of u network rack with pdu ca,75
FY23,35329.0,0,35329.0,"Supply, installation, testing and commissioning of 43"" UHD TV. Vendor to select",Services,supply installation testing and commissioning of uhd tv vendor to select,supply installation testing and commissioning of uhd tv vendor to select,72
FY23,29400.0,0,29400.0,"Supply, Installation, Testing & Commissioning of 6 Core Fiber cable single Mode",Services,supply installation testing commissioning of core fiber cable single mode,supply installation testing commissioning of core fiber cable single mode,73
FY23,38752.0,0,38752.0,"Supply, Installation, Testing & Commissioning of Fiber  GiGa Bit SFP module 1 GL",Services,supply installation testing commissioning of fiber giga bit sfp module gl,supply installation testing commissioning of fiber giga bit sfp module gl,73
FY23,21288.4,0,21288.4,"Supply, Installation, Testing & Commissioning of LIU 12 Core with splice tray an",Services,supply installation testing commissioning of liu core with splice tray an,supply installation testing commissioning of liu core with splice tray an,73
FY23,3421.6,0,3421.6,"Supply, Installation, Testing & Commissioning of LC to LC Fiber Patch code 2 MTR",Services,supply installation testing commissioning of lc to lc fiber patch code mtr,supply installation testing commissioning of lc to lc fiber patch code mtr,74
FY23,5602.8,0,5602.8,"SITC of 500 VA offline UPS with 15 Mins of battery backup  (Microtek, Luminuous,",Equipment,sitc of va offline ups with mins of battery backup microtek luminuous,sitc of va offline ups with mins of battery backup microtek luminuous,69
FY23,540.4,0,540.4,SITC of Wireless Mouse (Microsoft/ Logitech/ HP),Material,sitc of wireless mouse microsoft logitech hp,sitc of wireless mouse microsoft logitech hp,44
FY23,62755.0,0,62755.0,SITC of converting Ph-1 analog CCTV camera into IP camera (Company-Siemens),Equipment,sitc of converting ph analog cctv camera into ip camera companysiemens,sitc of converting ph analog cctv camera into ip camera companysiemens,70
FY23,68460.0,0,68460.0,"SITC of Ph-3 Terrace, basement & critical utilities CCTV camera",Equipment,sitc of ph terrace basement critical utilities cctv camera,sitc of ph terrace basement critical utilities cctv camera,58
FY23,78675.0,0,78675.0,301560800487 SUPPLY OF Hand Dryer - Hand Dryer -  EH270N - Euronics Hand Dryer EH270N - (MAKE - Euronics),Equipment,supply of hand dryer hand dryer ehn euronics hand dryer ehn make euronics,supply of hand dryer hand dryer ehn euronics hand dryer ehn make euronics,73
FY23,48600.0,0,48600.0,251550965284  Supply of camera Estate office,Equipment,supply of camera estate office,supply of camera estate office,30
FY23,34000.0,0,34000.0,Ahuja - TZA 4000 DP (200 + 200 Watts),Equipment,ahuja tza dp watts,ahuja tza dp watts,18
FY23,12120.0,0,12120.0,Ahuja - Sound Projector SP-5251T (25 Watts),Equipment,ahuja sound projector spt watts,ahuja sound projector spt watts,31
FY23,25600.0,0,25600.0,Ahuja - CSD 6303T (30 Watts),Equipment,ahuja csd t watts,ahuja csd t watts,17
FY23,22500.0,0,22500.0,Wiring and installation,Services,wiring and installation,wiring and installation,23
FY23,6000.0,0,6000.0,Android music device - Amkette,Equipment,android music device amkette,android music device amkette,28
FY23,86212.5,0,86212.5,"311567205646 supply of  paper DISPENSER Tower -2 (Washroom) HRT (EP08S AC) - DISPENSER HRT (EP08S AC), Make - EURONICS, TYPE: AUTOMATIC HRT/PAPER TOWEL DISPENSER",Equipment,supply of paper dispenser tower washroom hrt eps ac dispenser hrt eps ac make euronics type automatic hrtpaper towel dispenser,supply of paper dispenser tower washroom hrt eps ac dispenser hrt eps ac make euronics type automatic hrtpaper towel dispenser,126
FY23,210565.6,0,210565.6,SITC of converting Ph-1 analog CCTV camera into IP camera (Company-Siemens),Equipment,sitc of converting ph analog cctv camera into ip camera companysiemens,sitc of converting ph analog cctv camera into ip camera companysiemens,70
FY23,177377.2,0,177377.2,"""Supply, Installation, Testing & Commissioning of Outdoor IP Fixed Bullet IR Cam",Services,supply installation testing commissioning of outdoor ip fixed bullet ir cam,supply installation testing commissioning of outdoor ip fixed bullet ir cam,75
FY23,162190.0,0,162190.0,"""Supply, Installation, Testing & Commissioning of 32ch Linux Network Video Recor",Services,supply installation testing commissioning of ch linux network video recor,supply installation testing commissioning of ch linux network video recor,73
FY23,10906240.85,0,10906240.85,Expense provision for Mar23,Services,expense provision for mar,expense provision for mar,25
FY23,100220.0,0,100220.0,RADIOWALLA 29090 Music System at Food Co,Equipment,radiowalla music system at food co,radiowalla music system at food co,34
FY23,15735.0,0,15735.0,EURONICS 29187 AUTOMATIC HAND DRYER Food,Equipment,euronics automatic hand dryer food,euronics automatic hand dryer food,34
